AL Leading Causes of Death, 2016;Deaths;Rate***;State Rank*;U.S. Rate**
1. Heart Disease;12,832;222.5;4th;165.5
2. Cancer;10,419;174.0;7th;155.8
3. Chronic Lower Respiratory Disease;3,326;56.2;7th;40.6
4. Stroke;2,967;51.6;1st;37.3
5. Accidents;2,755;55.5;18th;47.4
6. Alzheimers Disease;2,507;45.0;3rd (tie);30.3
7. Diabetes;1,183;20.1;30th (tie);21.0
8. Septicemia;1,025;17.7;3rd;10.7
9. Kidney Disease;1,012;17.4;9th;13.1
10. Influenza/Pneumonia;987;17.1;8th (tie);13.5
Alabama Mortality Data;Deaths;Rate**;U.S. Deaths;U.S. Rate***
Firearm Deaths;1046;21.5;38,658;11.8
Homicide;544;11.8;19,103;6.1
Drug Overdose Deaths;756;16.2;63,632;19.8
4,863,300

AK Leading Causes of Death, 2016;Deaths;Death Rate***;State Rank*;U.S. Rate**
1. Cancer;995;158.7;22nd;155.8
2. Heart Disease;831;141.1;41st;165.5
3. Accidents;439;63.1;7th;47.4
4. Chronic Lower Respiratory Disease;238;41.5;28th;40.6
5. Stroke;196;39.0;18th (tie);37.3
6. Suicide;193;25.8;2nd;13.5
7. Chronic Liver Disease/Cirrhosis;124;16.3;3rd;10.7
8. Diabetes;124;19.3;37th;21.0
9. Alzheimers Disease;111;25.8;35th;30.3
10. Flu/Pneumonia;61;12.8;30th;13.5
Alaska Mortality Data;Deaths;Rate**;U.S. Deaths;U.S. Rate***
Firearm Deaths;177;23.3;38,658;11.8
Homicide;54;7.3;19,103;6.1
Drug Overdose Deaths;128;16.8;63,632;19.8
741,894

AZ Leading Causes of Death, 2016;Deaths;Death Rate***;State Rank*;U.S. Rate**
1. Cancer;11,876;136.8;48th;155.8
2. Heart Disease;11,957;138.9;44th;165.5
3. Accidents;4,010;54.2;21st;47.4
4. Chronic Lower Respiratory Disease;3,800;43.5;26th;40.6
5. Alzheimers Disease;3,082;35.8;15th (tie);30.3
6. Stroke;2,556;29.8;44th;37.3
7. Diabetes;2,025;23.5;13th (tie);21.0
8. Suicide;1,271;17.7;17th;13.5
9. Chronic Liver Disease/Cirrhosis;1,1781;14.9;4th;10.7
10. Hypertension;1,015;11.8;2nd (tie);8.6
Arizona Mortality Data;Deaths;Rate**;U.S. Deaths;U.S. Rate***
Firearm Deaths;1,094;15.2;38,658;11.8
Homicide;420;6.3;19,103;6.1
Drug Overdose Deaths;1,382;20.3;63,632;19.8
6,931,071

AR Leading Causes of Death, 2016;Deaths;Death Rate***;State Rank*;U.S. Rate**
1. Heart Disease;6,612;223.7;3rd;165.5
2. Cancer;6,727;178.8;5th;155.8
3. Chronic Lower Respiratory Disease;2,169;59.1;5th;40.6
4. Stroke;1,643;45.6;5th;37.3
5. Accidents;1,604;51.4;27th;47.4
6. Alzheimers Disease;1,475;41.3;7th;30.3
7. Diabetes;920;25.4;8th;21.0
8. Kidney Disease;722;20.0;4th;13.1
9. Influenza/Pneumonia;623;17.1;8th (tie);15.2
10. Suicide;555;18.2;14th;13.5
Arkansas Mortality Data;Deaths;Rate**;U.S. Deaths;U.S. Rate***
Firearm Deaths;541;17.8;38,658;11.8
Homicide;248;8.7;19,103;6.1
Drug Overdose Deaths;401;14.0;63,632;19.8
2,988,248

CA Leading Causes of Death, 2016;Deaths;Rate***;State Rank*;U.S. Rate**
1. Heart Disease;61,573;143.1;40th;165.5
2. Cancer;59,515;139.7;45th;155.8
3. Stroke;15,680;36.9;13th;37.3
4. Alzheimers Disease;15,570;36.2;31st;30.3
5. Chronic Lower Respiratory Disease;13,710;32.6;43rd;40.6
6. Accidents;13,213;32.0;50th;47.4
7. Diabetes;9,124;21.4;22nd;21.0
8. Influenza/Pneumonia;5,981;14.0;25th;13.5
9. Chronic Liver Disease/Cirrhosis;5,287;12.2;15th (tie);10.7
10. Hypertension;5,100;11.8;2nd (tie);8.6
California Mortality Data;Deaths;Rate**;U.S. Deaths;U.S. Rate***
Firearm Deaths;3,184;7.9;38,658;11.8
Homicide;2,074;5.3;19,103;6.1
Drug Overdose Deaths;4,674;11.2;63,632;19.8
39,250,017

CO Leading Causes of Death, 2016;Deaths;Rate***;State Rank*;U.S. Rate**
1. Cancer;7,928;134.4;47th;155.8
2. Heart Disease;7,277;128.4;48th;165.5
3. Accidents;2,880;49.7;29th;47.4
4. Chronic Lower Respiratory Disease;2,575;46.4;20th;40.6
5. Stroke;1,927;35.2;33rd;37.3
6. Alzheimers Disease;1,835;34.7;21st;30.3
7. Suicide;1,168;20.5;9th;13.5
8. Diabetes;938;16.2;47th;21.0
9. Chronic Liver Disease/Cirrhosis;751;12.4;11th (tie);10.7
10. Influenza/Pneumonia;533;9.6;46th;13.5
Colorado Mortality Data;Deaths;Rate**;U.S. Deaths;U.S. Rate***
Firearm Deaths;812;14.3;38,658;11.8
Homicide;235;4.3;19,103;6.1
Drug Overdose Deaths;942;16.6;63,632;19.8
5,540,545

CT Leading Causes of Death, 2016;Deaths;Rate***;State Rank*;U.S. Rate**
1. Heart Disease;7,051;144.3;39th;165.5
2. Cancer;6,696;144.9;42nd;155.8
3. Accidents;1,978;50.3;31st;47.4
4. Chronic Lower Respiratory Disease;1,425;30.5;46th (tie);40.6
5. Stroke;1,269;26.3;49th;37.3
6. Alzheimers Disease;1,035;20.3;46th;30.3
7. Diabetes;699;14.9;49th (tie);21.0
8. Septicemia;588;12.5;17th;10.7
9. Influenza/Pneumonia;572;11.7;36th;13.5
10. Kidney Disease;570;12.1;27th (tie);13.1
Connecticut Mortality Data;Deaths;Rate**;U.S. Deaths;U.S. Rate***
Firearm Deaths;172;4.6;38,658;11.8
Homicide;88;2.7;19,103;6.1
Drug Overdose Deaths;971;27.4;63,632;19.8
3,576,452

DE Leading Causes of Death, 2016;Deaths;Rate***;State Rank*;U.S. Rate**
1. Cancer;2,124;170.8;11th;155.8
2. Heart Disease;1,974;163.2;22nd;165.5
3. Chronic Lower Respiratory Disease;544;43.7;25th;40.6
4. Accidents;516;52.4;25th;47.4
5. Stroke;506;41.6;12th;37.3
6. Alzheimers Disease;329;27.4;31st;30.3
7. Kidney Disease;208;17.1;10th (tie);13.1
8. Diabetes;203;17.0;43rd;21.3
9. Septicemia;144;12.1;18th;10.7
10. Influenza/Pneumonia;132;10.7;42nd (tie);13.5
Delaware Mortality Data;Deaths;Rate**;U.S. Deaths;U.S. Rate***
Firearm Deaths;111;11.0;38,658;11.8
Homicide;63;7.0;19,103;6.1
Drug Overdose Deaths;282;30.8;63,632;19.8
952,065

FL Leading Causes of Death, 2016;Deaths;Rate***;State Rank*;U.S. Rate**
1. Heart Disease;45,6591;146.2;38th;165.5
2. Cancer;44,266;146.9;40th;155.8
3. Accidents;12,561;54.9;19th;47.4
4. Chronic Lower Respiratory Disease;11,970;38.0;36th;40.6
5. Stroke;11,854;37.3;25th;37.3
6. Alzheimers Disease;7,155;21.5;43rd;30.3
7. Diabetes;5,782;19.5;35th (tie);21.0
8. Chronic Liver Disease/Cirrhosis;3,226;11.9;18th (tie);10.7
9. Kidney Disease;3,144;10.2;34th;13.1
10. Suicide;3,143;14.0;21st;13.5
Florida Mortality Data;Deaths;Rate**;U.S. Deaths;U.S. Rate***
Firearm Deaths;2,704;12.6;38,658;11.8
Homicide;1,294;6.8;19,103;6.1
Drug Overdose Deaths;4,728;23.7;63,632;19.8
20,612,439

GA Leading Causes of Death, 2016;Deaths;Rate***;State Rank*;U.S. Rate**
1. Heart Disease;18,143;179.0;14th;165.5
2. Cancer;17,184;160.2;20th;155.8
3. Chronic Lower Respiratory Disease;4,805;47.3;19th;40.6
4. Accidents;4,021;44.8;35th (tie);47.4
5. Stroke;4,349;44.3;7th;37.3
6. Alzheimers disease;3,714;42.4;5th;30.3
7. Diabetes;2,238;21.2;23rd (tie);21.0
8. Kidney Disease;1,864;18.4;7th (tie);13.1
9. Septicemia;1,565;15.1;8th;10.7
10. Flu/Pneumonia;1,423;14.3;21st (tie);13.5
Georgia Mortality Data;Deaths;Rate**;U.S. Deaths;U.S. Rate***
Firearm Deaths;1,571;15.0;38,658;11.8
Homicide;806;7.9;19,103;6.1
Drug Overdose Deaths;1,394;13.3;63,632;19.8
10,310,371

HI Leading Causes of Death, 2016;Deaths;Rate***;State Rank*;U.S. Rate**
1. Heart Disease;2,488;127.0;48th;165.5
2. Cancer;2,401;128.7;48th;155.8
3. Stroke;675;35.3;21st;37.3
4. Accidents;577;27.4;1st;47.4
5. Flu/Pneumonia;507;24.4;47th;13.5
6. Alzheimers disease;445;20.1;46th;30.3
7. Chronic Lower Respiratory Disease;342;17.7;50th;40.6
8. Diabetes;285;15.1;48th;21.0
9. Kidney Disease;215;11.2;34th (tie);13.1
10. Suicide;174;12.15;35th;13.5
Hawaii Mortality Data;Deaths;Rate**;U.S. Deaths;U.S. Rate***
Firearm Deaths;66;4.5;38,658;11.8
Homicide;39;2.8;19,103;6.1
Drug Overdose Deaths;191;12.8;63,632;19.8
1,428,557

ID Leading Causes of Death, 2016;Deaths;Rate***;State Rank*;U.S. Rate**
1. Heart Disease;2,969;160.0;24th;165.5
2. Cancer;2,884;150.9;33rd (tie);155.8
3. Chronic Lower Respiratory Disease;865;45.7;21st;40.6
4. Accidents;849;49.5;32nd;47.4
5. Stroke;682;37.2;26th;37.3
6. Alzheimers Disease;607;33.9;22nd;30.3
7. Diabetes;375;19.8;33rd;21.0
8. Suicide;351;21.4;6th (tie);13.5
9. Flu/Pneumonia;207;11.3;38th;13.5
10. Chronic Liver Disease/Cirrhosis;190;9.9;29th;10.7
Idaho Mortality Data;Deaths;Rate**;U.S. Deaths;U.S. Rate***
Firearm Deaths;242;14.6;38,658;11.8
Homicide;30;1.9;19,103;6.1
Drug Overdose Deaths;243;15.2;63,632;19.8
1,683,140

IL Leading Causes of Death, 2016;Deaths;Rate***;State Rank*;U.S. Rate**
1. Heart Disease;25,013;165.7;19th;165.5
2. Cancer;24,389;163.5;18th;155.8
3. Stroke;5,658;37.8;23rd (tie);37.3
4. Chronic Lower Respiratory Disease;5,632;38.1;35th;40.6
5. Accidents;5,508;41.0;43rd;47.4
6. Alzheimers disease;3,877;25.4;36th;30.3
7. Diabetes;2,781;18.7;39th;21.0
8. Kidney Disease;2,518;17.0;12th;13.1
9. Flu/Pneumonia;2,178;14.5;18th (tie);13.5
10. Septicemia;1,704;11.4;20th;10.7
Illinois Mortality Data;Deaths;Rate**;U.S. Deaths;U.S. Rate***
Firearm Deaths;1,490;11.7;38,658;11.8
Homicide;1,157;9.2;19,103;6.1
Drug Overdose Deaths;2,411;18.9;63,632;19.8
12,801,539

IN Leading Causes of Death, 2016;Deaths;Rate***;State Rank*;U.S. Rate**
1. Heart Disease;13,952;180.6;13th;165.5
2. Cancer;13,424;172.5;9th;155.8
3. Chronic Lower Respiratory Disease;4,214;54.6;9th;40.6
4. Accidents;3,496;51.6;28th;47.4
5. Stroke;3,040;39.5;17th;37.3
6. Alzheimers disease;2,678;34.9;19th;30.3
7. Diabetes;1,992;26.0;6th;21.0
8. Kidney Disease;1,411;18.4;7th (tie);13.1
9. Septicemia;1,211;15.7;7th;10.7
10. Suicide;1,034;15.4;25th;13.5
Indiana Mortality Data;Deaths;Rate**;U.S. Deaths;U.S. Rate***
Firearm Deaths;997;15.0;38,658;11.8
Homicide;480;7.6;19,103;6.1
Drug Overdose Deaths;1,526;24.0;63,632;19.8
6,633,053

IA Leading Causes of Death, 2016;Deaths;Rate***;State Rank*;U.S. Rate**
1. Heart Disease;6,937;162.8;23rd;165.5
2. Cancer;6,432;159.8;21st;155.8
3. Chronic Lower Respiratory Disease;2,006;48.6;14th;40.6
4. Accidents;1,608;45.8;35th (tie);47.4
5. Alzheimers disease;1,415;31.3;27th;30.3
6. Stroke;1,388;32.3;41st;37.3
7. Diabetes;847;20.9;25th;21.0
8. Flu/Pneumonia;504;11.6;37th;13.5
9. Suicide;451;14.6;29th;13.5
10. Hypertension;370;8.5;16th (tie);8.6
Iowa Mortality Data;Deaths;Rate**;U.S. Deaths;U.S. Rate***
Firearm Deaths;288;9.2;38,658;11.8
Homicide;85;2.8;19,103;6.1
Drug Overdose Deaths;314;10.6;63,632;19.8
3,134,693

KS Leading Causes of Death, 2016;Deaths;Rate***;State Rank*;U.S. Rate**
1. Heart Disease;5,672;159.2;25th;165.5
2. Cancer;5,484;158.6;23rd;155.8
3. Chronic Lower Respiratory Disease;1,654;48.3;15th;40.6
4. Accidents;1,444;45.7;27th;47.4
5. Stroke;1,363;38.6;21st;37.3
6. Alzheimers disease;855;23.1;40th;30.3
7. Diabetes;727;21.2;23rd (tie);21.0
8. Kidney Disease;533;15.0;19th;13.1
9. Flu/Pneumonia;522;14.4;20h;13.5
10. Suicide;514;17.9;15th;13.5
Kansas Mortality Data;Deaths;Rate**;U.S. Deaths;U.S. Rate***
Firearm Deaths;383;13.4;38,658;11.8
Homicide;147;5.3;19,103;6.1
Drug Overdose Deaths;313;11.1;63,632;19.8
2,907,289

KY Leading Causes of Death, 2016;Deaths;Rate***;State Rank*;U.S. Rate**
1. Heart Disease;10,519;203.0;7th;165.5
2. Cancer;10,363;193.8;1st;155.8
3. Chronic Lower Respiratory Disease;3,486;66.3;1st;40.6
4. Accidents;3,194;71.0;2nd;47.4
5. Stroke;2,057;40.4;14th (tie);37.3
6. Alzheimers disease;1,728;35.1;18th;30.3
7. Diabetes;1,479;28.4;4th;21.0
8. Kidney Disease;1,034;20.3;3rd;20.3
9. Flu/Pneumonia;888;17.3;6th;13.5
10. Septicemia;878;17.1;5th;10.7
Kentucky Mortality Data;Deaths;Rate**;U.S. Deaths;U.S. Rate***
Firearm Deaths;772;17.5;38,658;11.8
Homicide;302;7.2;19,103;6.1
Drug Overdose Deaths;1,419;33.5;63,632;19.8
4,436,974

LA Leading Causes of Death, 2016;Deaths;Rate***;State Rank*;U.S. Rate**
1. Heart Disease;10,943;213.1;5th;165.5
2. Cancer;9,149;171.9;10th;155.8
3. Accidents;2,710;57.4;14th;47.4
4. Stroke;2,322;46.0;3rd (tie);37.3
5. Chronic Lower Respiratory Disease;2,221;43.0;27th;40.6
6. Alzheimers disease;2,195;45.0;3rd (tie);30.3
7. Diabetes;1,324;25.5;7th;21.0
8. Kidney Disease;1,153;22.6;2nd;13.1
9. Septicemia;987;19.1;1st;10.7
10. Flu/Pneumonia;720;14.3;30th (tie);13.5
Louisiana Mortality Data;Deaths;Rate**;U.S. Deaths;U.S. Rate***
Firearm Deaths;987;21.3;38,658;11.8
Homicide;648;14.3;19,103;6.1
Drug Overdose Deaths;996;21.8;63,632;19.8
4,681,666

ME Leading Causes of Death, 2016;Deaths;Rate***;State Rank*;U.S. Rate**
1. Cancer;3,275;168.9;12th;155.8
2. Heart Disease;2,907;149.5;37th;165.5
3. Chronic Lower Respiratory Disease;928;47.4;18th;40.6
4. Accidents;909;62.4;8th;47.4
5. Stroke;663;34.4;34th;37.3
6. Alzheimers disease;577;29.6;29th (tie);30.3
7. Diabetes;463;23.9;13th (tie);21.0
8. Kidney Disease;239;12.4;26th;13.1
9. Flu/Pneumonia;231;12.0;32nd (tie);13.5
10. Suicide;226;15.9;22nd;13.5
Maine Mortality Data;Deaths;Rate**;U.S. Deaths;U.S. Rate***
Firearm Deaths;123;8.3;38,658;11.8
Homicide;19;n/a;19,103;6.1
Drug Overdose Deaths;353;28.7;63,632;19.8
1,331,479

MD Leading Causes of Death, 2016;Deaths;Rate***;State Rank*;U.S. Rate**
1. Heart Disease;11,390;164.3;21st;165.5
2. Cancer;10,911;156.5;29th;155.8
3. Stroke;2,709;39.7;16th;37.3
4. Accidents;2,271;35.7;47th;47.4
5. Chronic Lower Respiratory Disease;2,072;30.5;46th (tie);40.6
6. Diabetes;1,358;19.6;34th;21.0
7. Alzheimers disease;1,178;17.4;49th;30.3
8.Flu/Pneumonia;1,025;15.1;13th (tie);13.5
9. Septicemia;875;12.8;15th (tie);10.7
10. Kidney Disease;823;12.1;27th (tie);13.1
Maryland Mortality Data;Deaths;Rate**;U.S. Deaths;U.S. Rate***
Firearm Deaths;707;11.9;38,658;11.8
Homicide;579;10.1;19,103;6.1
Drug Overdose Deaths;2,044;33.2;63,632;19.8
6,016,447

MA Leading Causes of Death, 2016;Deaths;Rate***;State Rank*;U.S. Rate**
1. Cancer;12,717;150.2;35th;155.8
2. Heart Disease;11,921;134.8;47th;165.5
3. Accidents;3,831;52.8;24th;47.4
4. Chronic Lower Respiratory Disease;2,674;31.4;44th;40.6
5. Stroke;2,468;27.9;47th;37.3
6. Alzheimers disease;1,708;18.6;48th;30.3
7. Diabetes;1,268;14.9;49th (tie);21.0
8. Flu/Pneumonia;1,251;14.1;24th;13.5
9. Kidney Disease;1,139;13.2;23rd;13.4
10. Septicemia;867;10.3;24th (tie);11.0
Massachusetts Mortality Data;Deaths;Rate**;U.S. Deaths;U.S. Rate***
Firearm Deaths;242;3.4;38,658;11.8
Homicide;137;2.1;19,103;6.1
Drug Overdose Deaths;2,227;33.0;63,632;19.8
6,811,779

MI Leading Causes of Death, 2016;Deaths;Rate***;State Rank*;U.S. Rate**
1. Heart Disease;25,304;200.6;8th;168.5
2. Cancer;20,870;166.4;15th;158.5
3. Chronic Lower Respiratory Disease;5,572;44.4;23rd (tie);41.6
4. Accidents;5,313;50.5;30th;37.6
5. Stroke;4,874;39.0;18th;43.2
6. Alzheimers disease;4,249;33.6;23rd;29.4
7. Diabetes;2,672;21.5;21st;21.3
8. Kidney Disease;1,791;14.3;21st;13.4
9. Flu/Pneumonia;1,672;13.7;27th;13.5
10. Suicide;1,364;13.3;33rd (tie);13.5
Michigan Mortality Data;Deaths;Rate**;U.S. Deaths;U.S. Rate***
Firearm Deaths;1,230;12.3;38,658;11.8
Homicide;624;6.7;19,103;6.1
Drug Overdose Deaths;2,347;24.4;63,632;19.8
9,928,300

MN Leading Causes of Death, 2016;Deaths;Rate***;State Rank*;U.S. Rate**
1. Cancer;9,857;148.6;37th;155.8
2. Heart Disease;7,825;114.9;50th;165.5
3. Accidents;2,697;43.8;39th (tie);47.4
4. Chronic Lower Respiratory Disease;2,369;35.8;39th (tie);40.6
5. Alzheimers disease;2,219;31.8;25th;30.3
6. Stroke;2,197;32.5;39th (tie);37.3
7. Diabetes;1,265;19.2;38th;21.0
8. Suicide;745;13.2;35th (tie);13.5
9. Parkinsons Disease;651;9.9;4th;8.0
10. Chronic Liver Disease/Cirrhosis;595;9.2;37th (tie);10.7
Minnesota Mortality Data;Deaths;Rate**;U.S. Deaths;U.S. Rate***
Firearm Deaths;432;7.6;38,658;11.8
Homicide;129;2.4;19,103;6.1
Drug Overdose Deaths;672;12.5;63,632;19.8
5,519,952

MS Leading Causes of Death, 2016;Deaths;Rate***;State Rank*;U.S. Rate**
1. Heart Disease;7,865;233.1;1st;165.5
2. Cancer;6,568;187.7;2nd;155.8
3. Chronic Lower Respiratory Disease;2,116;62.0;3rd;40.6
4. Accidents;1,803;59.2;12th;47.4
5. Stroke;1,705;50.6;2nd;37.3
6. Alzheimers disease;1,485;45.8;1st;30.3
7. Diabetes;1,084;31.9;2nd;21.0
8. Flu/Pneumonia;785;23.4;2nd;13.5
9. Kidney Disease;763;22.8;1st;13.1
10. Septicemia;636;19.0;2nd;10.7
Mississippi Mortality Data;Deaths;Rate**;U.S. Deaths;U.S. Rate***
Firearm Deaths;587;19.9;38,658;11.8
Homicide;345;12.1;19,103;6.1
Drug Overdose Deaths;352;12.1;63,632;19.8
2,988,726

MO Leading Causes of Death, 2016;Deaths;Rate***;State Rank*;U.S. Rate**
1. Heart Disease;14,579;192.1;10th;165.5
2. Cancer;12,696;167.0;14th;155.8
3. Chronic Lower Respiratory Disease;3,961;52.1;10th;40.6
4. Accidents;3,625;57.0;15th;47.4
5. Stroke;3,069;40.4;14th (tie);37.3
6. Alzheimers disease;2,302;30.0;28th;30.3
7. Diabetes;1,508;20.1;30th (tie);21.0
8. Kidney Disease;1,483;19.6;5th;13.1
9. Flu/Pneumonia;1,150;15.1;13th (tie);13.5
10. Suicide;1,133;18.4;13th;13.5
Missouri Mortality Data;Deaths;Rate**;U.S. Deaths;U.S. Rate***
Firearm Deaths;1,144;19.0;38,658;11.8
Homicide;570;9.9;19,103;6.1
Drug Overdose Deaths;1,371;23.6;63,632;19.8
6,093,000

NE Leading Causes of Death, 2016;Deaths;Rate***;State Rank*;U.S. Rate**
1. Cancer;3,477;153.6;32nd;155.8
2. Heart Disease;3,322;140.3;43rd;165.5
3. Chronic Lower Respiratory Disease;1,117;48.9;12th (tie);40.6
4. Stroke;787;33.2;37th;37.3
5. Accidents;772;37.0;46th;47.4
6. Alzheimers disease;634;26.2;34th;30.4
7. Diabetes;501;21.9;19th;21.0
8. Flu/Pneumonia;342;14.3;21st (tie);13.5
9. Hypertension;268;11.2;6th;8.6
10. Suicide;246;13.1;37th;13.5
Nebraska Mortality Data;Deaths;Rate**;U.S. Deaths;U.S. Rate***
Firearm Deaths;171;9.1;38,658;11.8
Homicide;60;3.3;19,362;6.2
Drug Poisoning Deaths;120;6.4;63,632;19.8
1,907,116

NV Leading Causes of Death, 2016;Deaths;Rate***;State Rank*;U.S. Rate**
1. Heart Disease;6,457;205.9;6th;165.5
2. Cancer;5,214;157.3;27th;155.8
3. Chronic Lower Respiratory Disease;1,778;56.6;6th;40.6
4. Accidents;1,395;46.0;33rd (tie);47.4
5. Stroke;1,096;35.9;29th;37.3
6. Alzheimers disease;686;24.6;38th;30.4
7. Suicide;650;21.4;6th (tie);13.5
8. Diabetes;580;17.9;40th (tie);21.0
9. Flu/Pneumonia;567;18.1;5th;13.5
10. Chronic Liver Disease/Cirrhosis;417;12.3;14th;10.7
Nevada Mortality Data;Deaths;Rate**;U.S. Deaths;U.S. Rate***
Firearm Deaths;498;16.8;38,658;11.8
Homicide;211;7.4;19,362;6.2
Drug Overdose Deaths;665;21.7;63,632;19.8
2,940,058

NH Leading Causes of Death, 2016;Deaths;Rate***;State Rank*;U.S. Rate**
1. Cancer;2,875;164.1;17th;155.8
2. Heart Disease;2,631;151.1;33rd;165.5
3. Accidents;924;66.6;4th (tie);47.4
4. Chronic Lower Respiratory Disease;684;39.3;32nd;40.6
5. Stroke;490;28.0;46th;37.3
6. Alzheimers disease;430;24.8;37th;30.3
7. Diabetes;316;17.9;40th (tie);21.0
8. Suicide;244;17.2;19th;13.5
9. Flu/Pneumonia;203;11.8;35th;13.5
10. Chronic Liver Disease/Cirrhosis;162;9.6;33rd;10.7
New Hampshire Mortality Data;Deaths;Rate**;U.S. Deaths;U.S. Rate***
Firearm Deaths;132;9.3;38,658;11.8
Homicide;18;Unreliable;19,362;6.2
Drug Overdose Deaths;481;39.0;63,632;19.8
1,334,795

NJ Leading Causes of Death, 2016;Deaths;Rate***;State Rank*;U.S. Rate**
1. Heart Disease;18,597;164.7;20th;165.5
2. Cancer;16,377;149.7;36th;155.8
3. Accidents;3,839;40.8;44th;47.4
4. Stroke;3,401;30.4;43rd;37.3
5. Chronic Lower Respiratory Disease;3,064;27.9;49th;40.6
6. Alzheimers disease;2,435;21.1;45th;30.3
7. Diabetes;1,949;17.8;42nd;21.0
8. Septicemia;1,925;17.5;4th;10.7
9. Kidney Disease;1,535;13.8;22nd;13.1
10. Flu/Pneumonia;1,208;10.7;42d (tie);13.5
New Jersey Mortality Data;Deaths;Rate**;U.S. Deaths;U.S. Rate***
Firearm Deaths;485;5.5;38,658;11.8
Homicide;395;4.6;19,362;6.2
Drug Overdose Deaths;2,056;23.2;63,632;19.8
8,944,469

NM Leading Causes of Death, 2016;Deaths;Rate***;State Rank*;U.S. Rate**
1. Heart Disease;3,800;150.6;35th;165.5
2. Cancer;3,560;138.8;46th;155.8
3. Accidents;1,487;69.5;3rd;47.4
4. Chronic Lower Respiratory Disease;1,131;44.4;23rd (tie);40.6
5. Stroke;885;35.5;32nd;37.3
6. Diabetes;678;27.2;5th;21.0
7. Alzheimers disease;583;23.5;39th;30.3
8. Chronic Liver Disease/Cirrhosis;572;24.9;1st;10.7
9. Suicide;471;22.5;4th;13.5
10. Flu/Pneumonia;353;14.6;17th;13.5
New Mexico Mortality Data;Deaths;Rate**;U.S. Deaths;U.S. Rate***
Firearm Deaths;383;18.1;38,658;11.8
Homicide;185;9.4;19,362;6.2
Drug Overdose Deaths;500;25.2;63,632;19.8
2,081,015

NY Leading Causes of Death, 2016;Deaths;Rate***;State Rank*;U.S. Rate**
1. Heart Disease;44,076;177.8;15th;165.8
2. Cancer;35,368;147.5;39th;155.8
3. Accidents;7,354;34.2;49th;47.4
4. Chronic Lower Respiratory Disease;6,860;28.4;48th;40.6
5. Stroke;6,258;25.5;50th;37.3
6. Flu/Pneumonia;4,513;18.3;4th;13.5
7. Diabetes;4,038;16.9;44th (tie);21.0
8. Alzheimers disease;3,349;13.1;50th;30.3
9. Septicemia;2,545;10.5;23rd;10.7
10. Hypertension;2,468;9.9;10th;8.6
New York Mortality Data;Deaths;Rate**;U.S. Deaths;U.S. Rate***
Firearm Deaths;900;4.4;38,658;11.8
Homicide;696;3.6;19,362;6.2
Drug Overdose Deaths;3,638;18.0;63,632;19.8
19,745,289

NC Leading Causes of Death, 2016;Deaths;Rate***;State Rank*;U.S. Rate**
1. Cancer;19,523;161.6;19th;155.8
2. Heart Disease;18,266;155.8;28th;165.5
3. Accidents;5,476;52.2;26th;47.4
4. Chronic Lower Respiratory Disease;5,311;44.8;22nd;40.6
5. Stroke;4,940;43.0;8th;37.3
6. Alzheimers disease;4,153;37.2;11th;30.3
7. Diabetes;2,811;23.5;17th;21.0
8. Kidney Disease;2,002;17.1;10th (tie);13.1
9. Flu/Pneumonia;1,896;16.5;11th;13.5
10. Septicemia;1,559;13.3;13th;10.7
North Carolina Mortality Data;Deaths;Rate**;U.S. Deaths;U.S. Rate***
Firearm Deaths;1,409;13.7;38,658;11.8
Homicide;735;7.4;19,362;6.2
Drug Overdose Deaths;1,956;19.7;63,632;19.8
10,146,788

ND Leading Causes of Death, 2016;Deaths;Rate***;State Rank*;U.S. Rate**
1. Heart Disease;1,338;140.9;42nd;165.5
2. Cancer;1,253;142.7;43rd;155.8
3. Accidents;371;45.4;38th;47.4
4. Alzheimers disease;361;35.3;17th;30.3
5. Chronic Lower Respiratory Disease;314;34.7;41st;40.6
6. Stroke;311;32.7;38th;37.3
7. Diabetes;171;19.4;36th;21.0
8. Suicide;140;19.0;12th;13.5
9. Flu/Pneumonia;134;14.5;18th (tie);13.5
10. Kidney Disease;106;11.3;30th (tie);13.1
North Dakota Mortality Data;Deaths;Rate**;U.S. Deaths;U.S. Rate***
Firearm Deaths;90;11.9;38,658;11.8
Homicide;17;Unreliable;19,362;6.2
Drug Overdose Deaths;77;10.6;63,632;19.8
757,952

OH Leading Causes of Death, 2016;Deaths;Rate***;State Rank*;U.S. Rate**
1. Heart Disease;27,410;185.1;12th;165.5
2. Cancer;25,509;173.4;8th;155.8
3. Accidents;7,999;66.6;4th (tie);47.4
4. Chronic Lower Respiratory Disease;7,015;47.5;16th (tie);40.6
5. Stroke;5,987;40.6;13th;37.3
6. Alzheimers disease;5,031;33.4;24th;30.3
7. Diabetes;3,568;24.6;9th (tie);21.0
8. Kidney Disease;2,262;15.4;16th;13.1
9. Flu/Pneumonia;2,187;15.0;15th (tie);13.5
10. Septicemia;1,995;13.7;11th;10.7
Ohio Mortality Data;Deaths;Rate**;U.S. Deaths;U.S. Rate***
Firearm Deaths;1,524;12.9;38,658;11.8
Homicide;721;6.5;19,362;6.2
Drug Overdose Deaths;4,329;39.1;63,632;19.8
11,614,373

OK Leading Causes of Death, 2016;Deaths;Rate***;State Rank*;U.S. Rate**
1. Heart Disease;10,209;228.2;2nd;165.5
2. Cancer;8,115;177.8;6th;155.8
3. Chronic Lower Respiratory Disease;2,794;61.4;4th;40.6
4. Accidents;2,592;64.1;6th;47.4
5. Stroke;1,859;41.8;10th;37.3
6. Alzheimers disease;1,590;36.1;13th (tie);30.3
7. Diabetes;1,393;30.8;3rd;21.0
8. Suicide;822;21.0;8th;13.5
9. Chronic Liver Disease/Cirrhosis;640;14.6;5th;10.7
10. Kidney Disease;577;12.9;25th;13.1
Oklahoma Mortality Data;Deaths;Rate**;U.S. Deaths;U.S. Rate***
Firearm Deaths;766;19.6;38,658;11.8
Homicide;322;8.6;19,362;6.2
Drug Overdose Deaths;813;21.5;63,632;19.8
3,923,561

OR Leading Causes of Death, 2016;Deaths;Rate***;State Rank*;U.S. Rate**
1. Cancer;8,078;155.9;31st;155.8
2. Heart Disease;6,968;135.0;46th;165.5
3. Accidents;2,105;46.0;34th (tie);47.4
4. Chronic Lower Respiratory Disease;2,080;40.4;30th;40.6
5. Stroke;1,943;37.8;23rd (tie);37.3
6. Alzheimers disease;1,786;34.8;20th;30.3
7. Diabetes;1,240;24.0;11th (tie);21.0
8. Suicide;772;17.8;16th;13.5
9. Chronic Liver Disease/Cirrhosis;606;12.2;15th (tie);10.7
10. Hypertension;557;10.6;7th;8.6
Oregon Mortality Data;Deaths;Rate**;U.S. Deaths;U.S. Rate***
Firearm Deaths;513;11.9;38,658;11.8
Homicide;129;3.3;19,362;6.2
Drug Overdose Deaths;506;11.9;63,632;19.8
4,093,465

PA Leading Causes of Death, 2016;Deaths;Rate***;State Rank*;U.S. Rate**
1. Heart Disease;31,990;176.2;16th;165.5
2. Cancer;28,492;164.7;16th;155.8
3. Accidents;8,410;61.8;10th;47.4
4. Stroke;6,730;37.0;27th;37.3
5. Chronic Lower Respiratory Disease;6,523;36.8;38th;40.6
6. Alzheimers disease;4,185;21.7;42nd;30.3
7. Diabetes;3,560;20.3;27th (tie);21.0
8. Kidney Disease;2,813;15.7;15th;13.1
9. Flu/Pneumonia;2,491;13.9;26th;13.5
10. Septicemia;2,352;13.5;12th;10.7
Pennsylvania Mortality Data;Deaths;Rate**;U.S. Deaths;U.S. Rate***
Firearm Deaths;1,555;12.0;38,658;11.8
Homicide;723;6.0;19,362;6.2
Drug Overdose Deaths;4,627;37.9;63,632;19.8
12,784,227

RI Leading Causes of Death, 2016;Deaths;Rate***;State Rank*;U.S. Rate**
1. Heart Disease;2,256;152.4;32nd;165.5
2. Cancer;2,171;158.0;25th (tie);155.8
3. Accidents;675;56.6;16th;47.4
4. Chronic Lower Respiratory Disease;445;31.3;45th;40.6
5. Alzheimers disease;422;26.7;33rd;30.3
6. Stroke;399;26.8;48th;37.3
7. Diabetes;239;16.9;44th (tie);21.0
8. Flu/Pneumonia;165;11.0;41st;13.5
9. Chronic Liver Disease/Cirrhosis;149;11.5;21st;10.7
10. Kidney Disease;141;9.9;37th;13.1
Rhode Island Mortality Data;Deaths;Rate**;U.S. Deaths;U.S. Rate***
Firearm Deaths;49;4.1;38,658;11.8
Homicide;25;2.3;19,362;6.2
Drug Overdose Deaths;326;30.8;63,632;19.8
1,056,426

SC Leading Causes of Death, 2016;Deaths;Rate***;State Rank*;U.S. Rate**
1. Cancer;10,356;167.7;13th;155.8
2. Heart Disease;10,195;173.8;17th;165.5
3. Accidents;3,012;58.9;13th;47.4
4. Chronic Lower Respiratory Disease;2,870;47.5;16th (tie);40.6
5. Stroke;2,627;45.5;6th;37.3
6. Alzheimers disease;2,481;45.3;2nd;30.3
7. Diabetes;1,369;22.3;18th;21.0
8. Kidney Disease;897;15.3;17th;13.1
9. Septicemia;873;14.8;9th (tie);10.7
10. Suicide;815;15.7;23rd (tie);13.5
South Carolina Mortality Data;Deaths;Rate**;U.S. Deaths;U.S. Rate***
Firearm Deaths;891;17.7;38,658;11.8
Homicide;426;9.0;19,362;6.2
Drug Overdose Deaths;879;18.1;63,632;19.8
4,961,119

SD Leading Causes of Death, 2016;Deaths;Rate***;State Rank*;U.S. Rate**
1. Heart Disease;1,729;153.4;31st;165.5
2. Cancer;1,694;156.7;28th;155.8
3. Accidents;505;53.4;23rd;47.4
4. Alzheimers disease;449;37.1;12th;30.3
5. Chronic Lower Respiratory Disease;426;38.3;33rd (tie);40.6
6. Stroke;420;35.8;30th (tie);37.3
7. Diabetes;253;23.7;15th;21.0
8. Flu/Pneumonia;195;16.7;10th;13.5
9. Suicide;163;20.2;10th;13.5
10. Chronic Liver Disease/Cirrhosis;158;16.4;2nd;10.7
South Dakota Mortality Data;Deaths;Rate**;U.S. Deaths;U.S. Rate***
Firearm Deaths;108;13.4;38,658;11.8
Homicide;38;4.7;19,362;6.2
Drug Overdose Deaths;69;8.4;63,632;19.8
865,454

TN Leading Causes of Death, 2016;Deaths;Rate***;State Rank*;U.S. Rate**
1. Heart Disease;15,429;198.8;9th;165.5
2. Cancer;14,450;179.9;4th;155.8
3. Chronic Lower Respiratory Disease;4,318;54.7;8th;40.6
4. Accidents;4,238;61.1;11th;47.4
5. Stroke;3,508;46.0;3rd (tie);37.3
6. Alzheimers disease;3,250;44.2;6th;30.3
7. Diabetes;1,883;24.0;11th (tie);21.0
8. Flu/Pneumonia;1,533;20.1;3rd;13.5
9. Kidney Disease;1,150;14.9;20th;13.1
10. Suicide;1,111;16.3;21st;13.5
Tennessee Mortality Data;Deaths;Rate**;U.S. Deaths;U.S. Rate***
Firearm Deaths;1,148;17.1;38,658;11.8
Homicide;563;8.8;19,362;6.2
Drug Overdose Deaths;1,630;24.5;63,632;19.8
6,651,194

TX Leading Causes of Death, 2016;Deaths;Rate***;State Rank*;U.S. Rate**
1. Heart Disease;43,772;167.7;18th;165.5
2. Cancer;40,195;148.5;38th;155.8
3. Stroke;10,673;42.0;9th;37.3
4. Accidents;10,536;38.6;45th;47.4
5. Chronic Lower Respiratory Disease;10,107;39.5;31st;40.6
6. Alzheimers disease;9,135;37.8;10th;30.3
7. Diabetes;5,470;20.3;27th (tie);21.0
8. Septicemia;4,230;16.1;6th;10.7
9. Kidney Disease;4,125;15.8;14th;13.1
10. Chronic Liver Disease/Cirrhosis;3,880;13.5;7th;10.7
Texas Mortality Data;Deaths;Rate**;U.S. Deaths;U.S. Rate***
Firearm Deaths;3,353;12.1;38,658;11.8
Homicide;1,669;6.0;19,362;6.2
Drug Overdose Deaths;2,831;10.1;63,632;19.8
27,862,596

VT Leading Causes of Death, 2016;Deaths;Rate***;State Rank*;U.S. Rate**
1. Heart Disease;1,366;158.8;26th;165.5
2. Cancer;1,356;158.4;24th;155.8
3. Accidents;372;54.8;20th;47.4
4. Chronic Lower Respiratory Disease;355;41.3;29th;40.6
5. Alzheimers disease;310;35.8;15th (tie);30.3
6. Stroke;247;29.2;45th;37.3
7. Diabetes;166;20.5;26th;21.0
8. Suicide;118;17.3;18th;13.5
9. Hypertension;78;9.0;14th (tie);8.6
10. Parkinsons disease;76;9.3;4th (tie);8.0
Vermont Mortality Data;Deaths;Rate**;U.S. Deaths;U.S. Rate***
Firearm Deaths;78;11.1;38,658;11.8
Homicide;11;n/a;19,362;6.2
Drug Overdose Deaths;125;22.2;63,632;19.8
624,594

VA Leading Causes of Death, 2016;Deaths;Rate***;State Rank*;U.S. Rate**
1. Cancer;15,027;156.1;30th;155.8
2. Heart Disease;14,124;150.7;34th;165.5
3. Accidents;3,710;42.4;41st;47.4
4. Stroke;3,502;38.2;22nd;37.3
5. Chronic Lower Respiratory Disease;3,233;34.6;42nd;40.6
6. Alzheimers disease;2,408;26.8;32nd;30.3
7. Diabetes;2,062;21.7;20th;21.0
8. Kidney Disease;1,543;16.6;13th;13.1
9. Septicemia;1,237;13.2;14th;10.7
10. Flu/Pneumonia;1,177;12.7;28th;13.5
Virginia Mortality Data;Deaths;Rate**;U.S. Deaths;U.S. Rate***
Firearm Deaths;1,049;12.1;38,658;11.8
Homicide;455;5.5;19,362;6.2
Drug Overdose Deaths;1,405;16.7;63,632;19.8
8,411,808

WA Leading Causes of Death, 2016;Deaths;Rate***;State Rank*;U.S. Rate**
1. Cancer;12,594;150.9;33rd (tie);155.8
2. Heart Disease;11,161;136.1;45th;165.5
3. Alzheimers disease;3,269;40.7;8th;30.3
4. Accidents;3,221;41.4;42nd;47.4
5. Chronic Lower Respiratory Disease;3,036;37.3;37th;40.6
6. Stroke;2,910;35.8;30th (tie);37.3
7. Diabetes;1,673;20.3;27th (tie);21.0
8. Suicide;1,141;14.9;26th;13.5
9. Chronic Liver Disease/Cirrhosis;926;11.1;23rd (tie);10.7
10. Flu/Pneumonia;815;10.0;45th;13.5
Washington Mortality Data;Deaths;Rate**;U.S. Deaths;U.S. Rate***
Firearm Deaths;686;9.0;38,658;11.8
Homicide;216;2.9;19,362;6.2
Drug Overdose Deaths;1,102;14.5;63,632;19.8
7,288,000

WV Leading Causes of Death, 2016;Deaths;Rate***;State Rank*;U.S. Rate**
1. Heart Disease;4,767;191.0;11th;165.5
2. Cancer;4,659;182.2;3rd;155.8
3. Accidents;1,705;89.7;1st;47.4
4. Chronic Lower Respiratory Disease;1,599;62.1;2nd;40.6
5. Stroke;1,039;41.7;11th;37.3
6. Diabetes;860;34.8;1st;21.0
7. Alzheimers disease;786;31.7;26th;30.3
8. Kidney Disease;481;19.3;6th;13.1
9. Flu/Pneumonia;423;17.3;6th (tie);13.5
10. Suicide;362;19.3;11th;13.5
West Virginia Mortality Data;Deaths;Rate**;U.S. Deaths;U.S. Rate***
Firearm Deaths;332;17.5;38,658;11.8
Homicide;108;6.3;19,362;6.2
Drug Overdose Deaths;884;52.0;63,632;19.8
1,831,102

WI Leading Causes of Death, 2016;Deaths;Rate***;State Rank*;U.S. Rate**
1. Heart Disease;11,526;154.9;29th;165.5
2. Cancer;11,498;158.0;25th (tie);155.8
3. Accidents;3,575;55.6;17th;47.4
4. Chronic Lower Respiratory Disease;2,786;38.3;32nd (tie);40.6
5. Stroke;2,481;33.3;36th;37.3
6. Alzheimers disease;2,256;29.6;29th (tie);30.3
7. Diabetes;1,440;19.9;32nd;21.0
8. Kidney Disease;960;13.0;24th;13.1
9. Flu/Pneumonia;888;11.9;34th;13.5
10. Suicide;866;14.7;27th (tie);13.5
Wisconsin Mortality Data;Deaths;Rate**;U.S. Deaths;U.S. Rate***
Firearm Deaths;664;11.4;38,658;11.8
Homicide;256;4.8;19,362;6.2
Drug Overdose Deaths;1,074;19.3;63,632;19.8
5,778,708

WY Leading Causes of Death, 2016;Deaths;Rate***;State Rank*;U.S. Rate**
1. Heart Disease;1,051;157.8;27th;165.5
2. Cancer;962;140.9;44th;155.8
3. Accidents;371;61.9;9th;47.4
4. Chronic Lower Respiratory Disease;327;48.9;12th (tie);40.6
5. Stroke;208;31.7;42nd;37.3
6. Suicide;144;25.2;3rd;13.5
7. Alzheimers disease;138;21.2;44th;30.3
8. Diabetes;112;16.6;46th;21.0
9. Flu/Pneumonia;99;15.0;15th (tie);13.5
10. Chronic Liver Disease/Cirrhosis;88;13.2;8th (tie);10.7
Wyoming Mortality Data;Deaths;Rate**;U.S. Deaths;U.S. Rate***
Firearm Deaths;101;17.4;38,658;11.8
Homicide;17;n/a;19,362;6.2
Drug Overdose Deaths;99;17.6;63,632;19.8
585,501

UT Leading Causes of Death, 2016;Deaths;Rate***;State Rank*;U.S. Rate**
1. Heart Disease;3,636;150.0;36th;165.5
2. Cancer;3,125;122.4;50th;155.8
3. Accidents;1,211;43.8;39th (tie);47.4
4. Stroke;932;38.8;20th;37.3
5. Alzheimers disease;904;39.3;9th;30.3
6. Chronic Lower Respiratory Disease;875;35.8;40th;40.6
7. Diabetes;624;24.6;9th (tie);21.0
8. Suicide;620;21.8;5th;13.5
9. Flu/Pneumonia;380;15.5;12th;13.5
10. Kidney Disease;370;15.2;18th;13.1
Utah Mortality Data;Deaths;Rate**;U.S. Deaths;U.S. Rate***
Firearm Deaths;370;12.9;38,658;11.8
Homicide;80;2.5;19,362;6.2
Drug Overdose Deaths;635;22.4;63,632;19.8
3,051,217

MT Leading Causes of Death, 2016;Deaths;Rate***;State Rank*;U.S. Rate**
1. Heart Disease;2,138;154.4;30th;165.5
2. Cancer;2,031;145.9;41st;155.8
3. Chronic Lower Respiratory Disease;722;51.9;11th;40.6
4. Accidents;626;54.1;22nd;47.4
5. Stroke;440;32.5;39th (tie);37.3
6. Alzheimers Disease;314;22.6;41st;30.3
7. Diabetes;311;23.6;16th;21.0
8. Suicide;267;25.9;1st;13.5
9. Chronic Liver Disease/Cirrhosis;160;13.6;6th;10.7
10. Kidney Disease;155;11.3;30th (tie);13.1
Montana Mortality Data;Deaths;Rate**;U.S. Deaths;U.S. Rate***
Firearm Deaths;194;18.9;38,658;11.8
Homicide;42;4.3;19,103;6.1
Drug Overdose Deaths;119;11.7;63,632;19.8
1,042,520

